{
  "parent": "minecraft:husbandry/root",
  "criteria": {
    "bred": {
      "conditions": {},
      "trigger": "minecraft:bred_animals"
    }
  },
  "display": {
    "announce_to_chat": true,
    "description": {
      "translate": "advancements.husbandry.breed_an_animal.description"
    },
    "frame": "task",
    "hidden": false,
    "icon": {
      "item": "minecraft:wheat"
    },
    "show_toast": true,
    "title": {
      "translate": "advancements.husbandry.breed_an_animal.title"
    }
  },
  "requirements": [
    [
      "bred"
    ]
  ],
  "rewards": {
     "function":"knockout_jd:score/score_1"
  }
}