{
  "parent": "minecraft:husbandry/leash_all_frog_variants",
  "criteria": {
    "froglights": {
      "conditions": {
        "items": [
          {
            "items": [
              "minecraft:ochre_froglight"
            ]
          },
          {
            "items": [
              "minecraft:pearlescent_froglight"
            ]
          },
          {
            "items": [
              "minecraft:verdant_froglight"
            ]
          }
        ]
      },
      "trigger": "minecraft:inventory_changed"
    }
  },
  "display": {
    "announce_to_chat": true,
    "description": {
      "translate": "advancements.husbandry.froglights.description"
    },
    "frame": "challenge",
    "hidden": false,
    "icon": {
      "item": "minecraft:verdant_froglight"
    },
    "show_toast": true,
    "title": {
      "translate": "advancements.husbandry.froglights.title"
    }
  },
  "requirements": [
    [
      "froglights"
    ]
  ],
  "rewards": {
     "function":"knockout_jd:score/score_3"
  }
}