{
  "parent": "minecraft:story/enter_the_nether",
  "criteria": {
    "cured_zombie": {
      "conditions": {},
      "trigger": "minecraft:cured_zombie_villager"
    }
  },
  "display": {
    "announce_to_chat": true,
    "description": {
      "translate": "advancements.story.cure_zombie_villager.description"
    },
    "frame": "goal",
    "hidden": false,
    "icon": {
      "item": "minecraft:golden_apple"
    },
    "show_toast": true,
    "title": {
      "translate": "advancements.story.cure_zombie_villager.title"
    }
  },
  "requirements": [
    [
      "cured_zombie"
    ]
  ],
  "rewards": {
     "function":"knockout_jd:score/score_2"
  }
}