{
  "parent": "minecraft:story/mine_diamond",
  "criteria": {
    "enchanted_item": {
      "conditions": {},
      "trigger": "minecraft:enchanted_item"
    }
  },
  "display": {
    "announce_to_chat": true,
    "description": {
      "translate": "advancements.story.enchant_item.description"
    },
    "frame": "task",
    "hidden": false,
    "icon": {
      "item": "minecraft:enchanted_book"
    },
    "show_toast": true,
    "title": {
      "translate": "advancements.story.enchant_item.title"
    }
  },
  "requirements": [
    [
      "enchanted_item"
    ]
  ],
  "rewards": {
     "function":"knockout_jd:score/score_1"
  }
}