{
  "parent": "minecraft:story/follow_ender_eye",
  "criteria": {
    "entered_end": {
      "conditions": {
        "to": "minecraft:the_end"
      },
      "trigger": "minecraft:changed_dimension"
    }
  },
  "display": {
    "announce_to_chat": true,
    "description": {
      "translate": "advancements.story.enter_the_end.description"
    },
    "frame": "task",
    "hidden": false,
    "icon": {
      "item": "minecraft:end_stone"
    },
    "show_toast": true,
    "title": {
      "translate": "advancements.story.enter_the_end.title"
    }
  },
  "requirements": [
    [
      "entered_end"
    ]
  ],
  "rewards": {
     "function":"knockout_jd:score/score_1"
  }
}