{
  "parent": "minecraft:nether/root",
  "criteria": {
    "crying_obsidian": {
      "conditions": {
        "items": [
          {
            "items": [
              "minecraft:crying_obsidian"
            ]
          }
        ]
      },
      "trigger": "minecraft:inventory_changed"
    }
  },
  "display": {
    "announce_to_chat": true,
    "description": {
      "translate": "advancements.nether.obtain_crying_obsidian.description"
    },
    "frame": "task",
    "hidden": false,
    "icon": {
      "item": "minecraft:crying_obsidian"
    },
    "show_toast": true,
    "title": {
      "translate": "advancements.nether.obtain_crying_obsidian.title"
    }
  },
  "requirements": [
    [
      "crying_obsidian"
    ]
  ],
  "rewards": {
     "function":"knockout_jd:score/score_1"
  }
}