{
  "parent": "minecraft:nether/obtain_ancient_debris",
  "criteria": {
    "use_lodestone": {
      "conditions": {
        "item": {
          "items": [
            "minecraft:compass"
          ]
        },
        "location": {
          "block": {
            "blocks": [
              "minecraft:lodestone"
            ]
          }
        }
      },
      "trigger": "minecraft:item_used_on_block"
    }
  },
  "display": {
    "announce_to_chat": true,
    "description": {
      "translate": "advancements.nether.use_lodestone.description"
    },
    "frame": "task",
    "hidden": false,
    "icon": {
      "item": "minecraft:lodestone"
    },
    "show_toast": true,
    "title": {
      "translate": "advancements.nether.use_lodestone.title"
    }
  },
  "requirements": [
    [
      "use_lodestone"
    ]
  ],
  "rewards": {
     "function":"knockout_jd:score/score_1"
  }
}