{
  "parent": "minecraft:end/kill_dragon",
  "criteria": {
    "dragon_egg": {
      "conditions": {
        "items": [
          {
            "items": [
              "minecraft:dragon_egg"
            ]
          }
        ]
      },
      "trigger": "minecraft:inventory_changed"
    }
  },
  "display": {
    "announce_to_chat": true,
    "description": {
      "translate": "advancements.end.dragon_egg.description"
    },
    "frame": "goal",
    "hidden": false,
    "icon": {
      "item": "minecraft:dragon_egg"
    },
    "show_toast": true,
    "title": {
      "translate": "advancements.end.dragon_egg.title"
    }
  },
  "requirements": [
    [
      "dragon_egg"
    ]
  ],
  "rewards": {
     "function":"knockout_jd:score/score_2"
  }
}