{
  "parent": "minecraft:end/find_end_city",
  "criteria": {
    "elytra": {
      "conditions": {
        "items": [
          {
            "items": [
              "minecraft:elytra"
            ]
          }
        ]
      },
      "trigger": "minecraft:inventory_changed"
    }
  },
  "display": {
    "announce_to_chat": true,
    "description": {
      "translate": "advancements.end.elytra.description"
    },
    "frame": "goal",
    "hidden": false,
    "icon": {
      "item": "minecraft:elytra",
      "nbt": "{Damage:0}"
    },
    "show_toast": true,
    "title": {
      "translate": "advancements.end.elytra.title"
    }
  },
  "requirements": [
    [
      "elytra"
    ]
  ],
  "rewards": {
     "function":"knockout_jd:score/score_2"
  }
}