{
  "parent": "minecraft:end/kill_dragon",
  "criteria": {
    "summoned_dragon": {
      "conditions": {
        "entity": [
          {
            "condition": "minecraft:entity_properties",
            "entity": "this",
            "predicate": {
              "type": "minecraft:ender_dragon"
            }
          }
        ]
      },
      "trigger": "minecraft:summoned_entity"
    }
  },
  "display": {
    "announce_to_chat": true,
    "description": {
      "translate": "advancements.end.respawn_dragon.description"
    },
    "frame": "goal",
    "hidden": false,
    "icon": {
      "item": "minecraft:end_crystal"
    },
    "show_toast": true,
    "title": {
      "translate": "advancements.end.respawn_dragon.title"
    }
  },
  "requirements": [
    [
      "summoned_dragon"
    ]
  ],
  "rewards": {
     "function":"knockout_jd:score/score_2"
  }
}