{
  "criteria": {
    "entered_end": {
      "conditions": {
        "to": "minecraft:the_end"
      },
      "trigger": "minecraft:changed_dimension"
    }
  },
  "display": {
    "announce_to_chat": false,
    "background": "minecraft:textures/gui/advancements/backgrounds/end.png",
    "description": {
      "translate": "advancements.end.root.description"
    },
    "frame": "task",
    "hidden": false,
    "icon": {
      "item": "minecraft:end_stone"
    },
    "show_toast": false,
    "title": {
      "translate": "advancements.end.root.title"
    }
  },
  "requirements": [
    [
      "entered_end"
    ]
  ],
  "rewards": {
     "function":"knockout_jd:score/score_1"
  }
}