{
  "parent": "minecraft:adventure/trade",
  "criteria": {
    "summoned_golem": {
      "conditions": {
        "entity": [
          {
            "condition": "minecraft:entity_properties",
            "entity": "this",
            "predicate": {
              "type": "minecraft:iron_golem"
            }
          }
        ]
      },
      "trigger": "minecraft:summoned_entity"
    }
  },
  "display": {
    "announce_to_chat": true,
    "description": {
      "translate": "advancements.adventure.summon_iron_golem.description"
    },
    "frame": "goal",
    "hidden": false,
    "icon": {
      "item": "minecraft:carved_pumpkin"
    },
    "show_toast": true,
    "title": {
      "translate": "advancements.adventure.summon_iron_golem.title"
    }
  },
  "requirements": [
    [
      "summoned_golem"
    ]
  ],
  "rewards": {
     "function":"knockout_jd:score/score_2"
  }
}