{
  "parent": "minecraft:adventure/ol_betsy",
  "criteria": {
    "two_birds": {
      "conditions": {
        "victims": [
          [
            {
              "condition": "minecraft:entity_properties",
              "entity": "this",
              "predicate": {
                "type": "minecraft:phantom"
              }
            }
          ],
          [
            {
              "condition": "minecraft:entity_properties",
              "entity": "this",
              "predicate": {
                "type": "minecraft:phantom"
              }
            }
          ]
        ]
      },
      "trigger": "minecraft:killed_by_crossbow"
    }
  },
  "display": {
    "announce_to_chat": true,
    "description": {
      "translate": "advancements.adventure.two_birds_one_arrow.description"
    },
    "frame": "challenge",
    "hidden": false,
    "icon": {
      "item": "minecraft:crossbow",
      "nbt": "{Damage:0}"
    },
    "show_toast": true,
    "title": {
      "translate": "advancements.adventure.two_birds_one_arrow.title"
    }
  },
  "requirements": [
    [
      "two_birds"
    ]
  ],
  "rewards": {
     "function":"knockout_jd:score/score_3"
  }
}