{
  "parent": "minecraft:adventure/root",
  "criteria": {
    "voluntary_exile": {
      "conditions": {
        "entity": [
          {
            "condition": "minecraft:entity_properties",
            "entity": "this",
            "predicate": {
              "type": "#minecraft:raiders",
              "equipment": {
                "head": {
                  "items": [
                    "minecraft:white_banner"
                  ],
                  "nbt": "{BlockEntityTag:{Patterns:[{Color:9,Pattern:\"mr\"},{Color:8,Pattern:\"bs\"},{Color:7,Pattern:\"cs\"},{Color:8,Pattern:\"bo\"},{Color:15,Pattern:\"ms\"},{Color:8,Pattern:\"hh\"},{Color:8,Pattern:\"mc\"},{Color:15,Pattern:\"bo\"}],id:\"minecraft:banner\"},HideFlags:32,display:{Name:'{\"color\":\"gold\",\"translate\":\"block.minecraft.ominous_banner\"}'}}"
                }
              }
            }
          }
        ]
      },
      "trigger": "minecraft:player_killed_entity"
    }
  },
  "display": {
    "announce_to_chat": true,
    "description": {
      "translate": "advancements.adventure.voluntary_exile.description"
    },
    "frame": "task",
    "hidden": true,
    "icon": {
      "item": "minecraft:white_banner",
      "nbt": "{BlockEntityTag:{Patterns:[{Color:9,Pattern:\"mr\"},{Color:8,Pattern:\"bs\"},{Color:7,Pattern:\"cs\"},{Color:8,Pattern:\"bo\"},{Color:15,Pattern:\"ms\"},{Color:8,Pattern:\"hh\"},{Color:8,Pattern:\"mc\"},{Color:15,Pattern:\"bo\"}],id:\"minecraft:banner\"},HideFlags:32,display:{Name:'{\"color\":\"gold\",\"translate\":\"block.minecraft.ominous_banner\"}'}}"
    },
    "show_toast": true,
    "title": {
      "translate": "advancements.adventure.voluntary_exile.title"
    }
  },
  "requirements": [
    [
      "voluntary_exile"
    ]
  ],
  "rewards": {
     "function":"knockout_jd:score/score_1"
  }
}